<?xml version="1.0" encoding="UTF-8"?>
<project-private xmlns="http://www.netbeans.org/ns/project-private/1">
    <editor-bookmarks xmlns="http://www.netbeans.org/ns/editor-bookmarks/2" lastBookmarkId="0"/>
    <open-files xmlns="http://www.netbeans.org/ns/projectui-open-files/2">
        <group>
            <file>file:/C:/Users/garci/Documents/GitHub/GarciaToniPedragosaJavierP1/P3GUI/src/vista/AfegirClient.java</file>
            <file>file:/C:/Users/garci/Documents/GitHub/GarciaToniPedragosaJavierP1/P3GUI/src/vista/AfegirArticle.java</file>
            <file>file:/C:/Users/garci/Documents/GitHub/GarciaToniPedragosaJavierP1/P3GUI/src/vista/GestioComandes.java</file>
            <file>file:/C:/Users/garci/Documents/GitHub/GarciaToniPedragosaJavierP1/P3GUI/src/vista/AfegirComanda.java</file>
            <file>file:/C:/Users/garci/Documents/GitHub/GarciaToniPedragosaJavierP1/P3GUI/src/vista/AppMercatUB.java</file>
            <file>file:/C:/Users/garci/Documents/GitHub/GarciaToniPedragosaJavierP1/P3GUI/src/model/LlistaArticles.java</file>
        </group>
    </open-files>
</project-private>
